Video Title,Channel,Published Date,Description,Video ID,Views,Likes,Comments
How to become a Data Analyst? | Complete Roadmap for Data Analystüî•,CodeWithHarry,2024-07-16T11:30:17Z,Checkout Simplilearn's Data Analytics Course: https://bit.ly/codewithharry-simplilearn Update 2025: I have launched a fresh Data ...,dMn2QFTyXUQ,1115949,39171,1445
Master Data Analyst in 2024 with This Proven Roadmap,Analytics Vidhya,2024-04-25T06:17:28Z,,XtwXnDNbEKM,724443,17051,113
Don‚Äôt Become a Data Analyst in 2025 üò≤ (Until You See This AI Tool! üöÄ),Learn With Lokesh Lalwani,2025-07-26T13:30:06Z,Free AI Masterclass   - https://event.webinarjam.com/register/25/2v5g7bmm Don't Become a Data Analyst in 2025 (Until You ...,lG1_z_3hFac,27717,1095,168
Data analyst roadmap for beginners | Data analyst roadmap | Data analyst #shorts #trendingshorts,Bang On Theory,2025-04-22T11:52:35Z,"Data analyst roadmap for beginners | Data analyst roadmap | Data analyst #shorts #trendingshorts data analyst roadmap,data ...",jzDhH5nfOB0,275778,0,66
How I&#39;d become a data analyst (if i had to start over) in 2025,Agatha,2024-01-12T14:00:27Z,Data Analyst Roadmap 2025. A data analyst career path can be broken down into 3 simple steps with timelines so that it's easy to ...,dJA7k58zlA8,829639,40009,966
The Complete Data Analyst Roadmap,Programming with Mosh,2024-08-06T13:00:37Z,Go from zero to a data analyst in 8-16 months. This step-by-step roadmap covers the essential skills you must learn to become a ...,YRJbhFLLPyE,460646,13049,303
Data Analyst in 3 Months | Roadmap for Data Analyst | Salary | Skills Required,Arsh Goyal,2023-06-26T11:30:07Z,"Data Analyst in 3 Months | Roadmap for Data Analyst | Salary | Skills Required Follow ""Arsh Goyal"" for more.",HheBRjcrH5E,626316,46643,521
Is Data Analyst a Good Career?,codebasics,2023-11-23T14:29:52Z,Is data analysis a good career? Many people have this question about whether data analysis is the right career path for them.,Km2ZEgJmR3o,292200,7103,500
NHS BUSINESS ANALYST Interview Questions and Answers (How to Pass a BUSINESS ANALYST Interview),DamalConsult Career Academy,2025-07-28T14:00:06Z,NHS BUSINESS ANALYST Interview Questions and Answers (How to Pass a BUSINESS ANALYST Interview). Are you preparing ...,z5dJU7ow2S8,49,2,1
"How To Become DATA ANALYST In 2025üî•|| Detailed Roadmap, Resources and Projects in Telugu",Harsha Verse,2024-09-29T05:00:05Z,Make the Best Investment of Your Life and Join Our Beyond Basics Community Here: https://beyondbasics.dev/ Checkout Odin ...,8SPjD_UARno,223760,19113,433
Is Data Analyst a Good Career? (Malayalam),BEAT,2024-12-02T13:16:44Z,Is data analysis a good career? Many people have this question about whether data analysis is the right career path for them.,uKnsXtZ1XEE,40125,722,112
Don&#39;t Become a Data Analyst if,Sundas Khalid,2024-08-13T14:08:48Z,What are some other reasons to not become a data analyst? #dataanalyst #dataengineer #datascientist #learntocode #swe #sql.,YsRDM6eoRq8,1819169,51669,544
Data Analyst ‡§ï‡•à‡§∏‡•á ‡§¨‡§®‡•á? | Fastest Roadmap to Learn &amp; Get High Paying Job ü§ë,Skillsiya,2025-05-09T15:46:53Z,How to become a Data Analyst? | Complete Roadmap for Data Analyst   Complete 2025 Roadmap to Become a Data Analyst in ...,13NQ3IWKL5I,27213,1088,50
Becoming a Data Analyst in 2025 - STILL Worth It?,Rishabh Mishra,2025-03-02T12:25:15Z,This video explores whether pursuing a Data Analyst career in 2025 is still a good choice. ‚ûñ‚ûñ‚ûñ‚ûñ‚ûñ‚ûñ‚ûñ‚ûñ‚ûñ‚ûñ‚ûñ‚ûñ‚ûñ Topics ...,v4mcUz1ESSg,215100,6112,873
Data Analyst Career Paths,The Career Force,2023-03-21T13:15:03Z,DATA ANALYST CAREER PATHS // You're a data analyst or considering making a career shift to data analytics. Now you're ...,tCFpAEjLEa0,19550,276,8
Is Data Analyst a Right Career For me?üí°üòï #codebasics #shorts #dataanalysis #data,codebasics Hindi,2023-10-15T14:30:20Z,Wondering if a career as a data analyst is right for you? Check out this video for some helpful insights! Project Link ...,iBz20A7Xv8Q,765264,34547,223
üî•Data Analyst Salary in India | Salary of Data Analyst | Data Analyst Skills | Intellipaat #Shorts,Intellipaat,2024-12-17T12:30:52Z,"Curious about the Data Analyst Salary in India? In this #shorts, we break down the earning potential of data analysts based on ...",sLxwus_IdYY,574568,30388,75
How to tell if a career in Data Analytics is right for you...,CareerFoundry,2022-09-16T12:00:26Z,Curious about a career in Data Analytics? Book a call with a program advisor: https://bit.ly/47LEBk3 Get started today with ...,NOJKAzIH8hA,679291,24877,382
Roadmap for data analyst |Roadmap for data scientist | Roadmap for software |  High salary pay job,Reenu Suryawanshi,2024-06-04T06:24:50Z,Hashtag: #dataanalyst #datascience #dataanalytics Tags: data analyst data analyst roadmap how to become data analyst data ...,ukH7K2e8gAI,301026,5365,36
Data Analyst Salary in India | Skills Required to Become a Data Analyst | Data Analyst Job,upGrad,2024-09-27T12:03:24Z,Data Analyst Salary in India | Skills Required to Become a Data Analyst | Data Analyst Job* ‚úì*Liverpool John Moore University ...,aPlPN28rubs,406174,14891,94
"How to Become a Data Analyst in 2025 ü§Ø‚Äì Skills, Salary &amp; Career Roadmap Tamil",HR_Navin,2025-03-30T13:30:21Z,"PRO IT Bridge Website Link: https://www.proitbridge.com/contact-us-2/ To know more about , John connect with the social handles ...",ZgFHmQo9SSo,44471,1990,88
#DataAnalyst #CareerPath,Alex The Analyst,2023-09-22T11:45:01Z,,GaoAc3-hScQ,71484,4417,31
Build a Career in Data Analytics by 2024 | Career Tips | LearnTube Pro,LearnTube,2023-09-16T07:15:02Z,"With 3 months and 19 days left for 2023 to end, it is time to start thinking of your career in Data Science! If you want to turn that ...",sCsWqRj1wXg,331322,2816,24
"How to Become Data Scientist in 2025üî•. Detailed Roadmap, Projects In Telugu",Harsha Verse,2025-06-09T05:17:23Z,"Checkout Odin School's Data Science Elite Course here: https://hubs.la/Q03r9yZ00 Here is the Document with detailed Roadmap, ...",W03qqj6Enb8,32411,2504,123
Data Analyst - Role &amp; Skills (Hindi),Dr. Aditi Gupta,2023-09-14T12:33:46Z,"On special occasion of Hindi Diwas, Here's Data Analyst   job profile explained in our own language Hindi. Check out the ...",6Svoxig9Z_w,762546,31931,259
"Data Analyst Roadmap | Salaries , Interviews, Job openings",Fraz,2024-09-22T07:26:26Z,"Enrol in Odin School Data Science Bootcamp https://hubs.la/Q02QGKjS0 In this episode, we explore the data analyst career path, ...",Xo5bwhnpec8,413100,11565,423
Your Ultimate Roadmap to Becoming a Data Analyst in 2025 #roadmap,Co-Coder,2025-04-12T08:54:27Z,DataAnalyst #DataAnalyticsRoadmap #CareerInData #SQL #Excel #PythonForDataAnalysis #PowerBI #Tableau ...,481lC6AeLIg,201991,0,4
"BUSINESS Analyst vs. DATA Analyst - What do they do, skills &amp; career paths...",Chandoo,2022-03-10T08:00:30Z,"I worked as both - a business analyst (2006-2010) and data analyst (2016 to now). So in this video, let me tell what it is like ...",pIbL4aSUIas,817858,22212,558
Business analyst roadmap for beginners | Business analyst roadmap | Business analyst #trendingshort,Bang On Theory,2025-04-19T15:46:49Z,Business analyst roadmap for beginners | Business analyst roadmap | Business analyst #shorts #trendingshorts business analyst ...,yuUeiIdeCEU,138663,0,15
Data Analyst Hiring 2025 | Data Analyst Hiring for Freshers | Data Analyst Job Updates | Top VarSity,Top VarSity,2025-03-07T12:44:39Z,"Looking for data jobs? Whether it's a Data Analyst or Data Scientist role, we've got you covered! Check out all the latest full-time ...",6F1ob0ARGWs,53400,1518,25
üî• Salary Of Data Analyst  | How Much Does A Data Analyst Make? #shorts  #simplilearn,Simplilearn,2025-03-05T15:23:50Z,Post Graduate Program In Data Analytics: ...,bMg1A81QZgM,376526,12852,6
7 Steps to Data Analyst Success in 2025!,Rohan Adus,2024-10-30T22:59:20Z,This guide shows you the exact path to start your data career in 2025!,L-0ssBw3pgw,181458,4984,46
How much a Data Analyst makes #DataAnalyst #career #salary,Income Interviews,2024-11-28T22:12:25Z,,L2rjyqUPpGo,279095,4923,28
Data Analyst Roadmap 2025 #roadmap #shorts #dataanalyst,Tech Classes,2024-01-15T04:55:14Z,"You will find 3 Months Plan, complete syllabus, Project types Ideas etc. and all important topics that are required to become job ...",J_NIs74LyZ4,174668,3914,58
Data Analyst Salary &amp; Job Market in 2025 #DataAnalyst #DataScience #DataAnalystSalary  #BigData #ai,Zubani Jack,2024-10-16T11:45:53Z,"Curious about what the future holds for data analysts in 2025? In this video, we dive into the salary trends, job demand, and the ...",-nu_h_qtLrQ,919158,32261,339
Entry Level Jobs on Data Analytics &amp; Data Science ‚úÖ‚úÖüëå #datascience #jobs #dataanalytics,BEPEC,2023-09-28T13:46:27Z,You + Right Roadmap + Right Projects = Successful Career Transition ‚úì #1 Agenda on AI Engineer/AI Researcher Career ...,ZfBOYJgCTKA,87115,4934,29
Data Analyst Salary: What&#39;s the Pay in 2025? #Shorts #Simplilearn,Simplilearn,2024-12-23T14:30:25Z,Data Analyst Masters Program ...,ys0tOMiStdo,265039,8790,4
Data Analytics 3 months roadmap #dataanalytics #datascience #upgradeskill #livetraining,Dr. Aditi Gupta,2022-08-05T13:40:07Z,,PeIJngh9VjE,1506437,83167,932
Data Analyst Roadmap | How to Become a Data Analyst | Skills Required to become a Data Analyst,upGrad,2024-09-30T11:59:14Z,Data Analyst Roadmap | How to Become a Data Analyst | Skills Required to become a Data Analyst* Want to become a successful ...,ZdNxgJSM9tU,155034,3277,8
The Complete Data Analyst Roadmap (How I&#39;d Do It) #dataanalytics,Data with Baraa,2025-06-11T13:17:39Z,Full deep-dive roadmap* : https://youtu.be/ITGF5L20zJE *Notion Roadmap* ...,5JRgHJDy3aw,20107,974,19
The End of Data Analyst Jobs (What No One Is Telling You),Learn with Lukas,2025-04-14T14:06:53Z,Free Data Analyst Roadmap: https://learnwithlukas.com/da Data Analyst Certification: https://datacamp.pxf.io/data-analyst ...,nplotMcMZJE,182702,5761,310
Data Scientist Kaise Bane? | How to Become a Data Scientist in 2025 | Intellipaat #Shorts,Intellipaat,2025-02-12T13:52:23Z,"Want to know data scientist kaise bane in 2025? Data science is one of the most in-demand careers today, but many people still ...",lacZhiHf5iw,473943,27458,127
How much a Business Analyst makes #Career #Salary #BusinessAnalyst #CanadianIncome,Income Interviews,2023-09-12T15:39:24Z,,mmPT9h9Ww2s,419034,21116,166
DATA Analyst vs. BUSINESS Analyst - Which Career Path is Right for You?,Mansi G.,2025-05-15T05:32:32Z,COURSERA COURSES THAT I RECOMMEND - https://imp.i384100.net/c/6229670/2846532/14726 This is the EXACT course ...,Boz6JgsrKO8,12449,653,232
The Truth About Data Analyst Jobs in 2025 (Job Market Reality Check),Data Drool,2025-06-04T02:47:36Z,"Is data analytics a dying career in 2025? Are data analyst jobs declining? Will AI take over Data Analyst jobs? In this video, I ...",6i1ZtUsBtYg,57180,1194,326
Data Analyst Career Path | How to Become a Data Analyst + What to Do Next,Alex The Analyst,2020-08-20T13:46:16Z,What is the path you should take as a Data Analyst? How do you become one? And what do you do after you do become a Data ...,5MZo2RoS8Yo,131778,4657,270
Earn ‚Çπ1 Lakh/Monthüî• Microsoft Data Analyst¬†Job¬†ü•≥‚úÖ #shorts,Gokul Chhabra,2024-09-20T14:30:29Z,shorts Launch Your Career as a Data Analyst at Microsoft! Start your journey by visiting learn.microsoft.com to explore various ...,ddMXG0UEyMo,62568,4685,631
üî• Free Data Analyst Certificates (Data Analytics/ Business Analyst) | Data Analytics Certifications,Top VarSity,2024-10-07T05:41:55Z,"Unlock your potential with free Data Analyst certificates! In this video, we dive into the top free certifications available for aspiring ...",hf-x503PjyI,280669,9804,57
You might never get a job as a Data Analyst! Watch this before it&#39;s too late.,Sahil Gogna,2025-04-15T13:01:14Z,How do you know if the skills you have are enough for the job? SO WHAT In this video you will get to know about the major ...,iM7EM2sMxQ0,136015,5358,335
ùêÉùêöùê≠ùêö ùêÄùêßùêöùê•ùê≤ùê¨ùê≠ ùêÇùêöùê´ùêûùêûùê´ ùêèùêöùê≠ùê° ‚Äì The Truth About This Job! üéØin Tamil,Data Engineering,2025-03-23T13:52:41Z,Thinking about becoming a Data Analyst? This video covers everything you need to know! ‚úì Complete Roadmap ‚Äì Skills ...,6b-jrvjlw3I,55689,2660,250
